TITLE,LENGTH
Captain America: The First Avenger,124
Agent Carter S01E01: Now is Not the End,43
Agent Carter S01E02: Bridge and Tunnel,41
Agent Carter S01E03: Time and Tide,41
Agent Carter S01E04: The Blitzkrieg Button,41
Agent Carter S01E05: The Iron Ceiling,43
Agent Carter S01E06: A Sin to Err,41
Agent Carter S01E07: Snafu,41
Agent Carter S01E08: Valediction,42
Agent Carter,15
Agent Carter S02E01: The Lady in the Lake,42
Agent Carter S02E02: A View in the Dark,42
Agent Carter S02E03: Better Angels,43
Agent Carter S02E04: Smoke & Mirrors,43
Agent Carter S02E05: The Atomic Job,42
Agent Carter S02E06: Life of the Party,43
Agent Carter S02E07: Monsters,42
Agent Carter S02E08: The Edge Of Mystery,42
Agent Carter S02E09: Little Song and Dance,42
Agent Carter S02E10: Hollywood Ending,41
Iron Man,126
Iron Man 2,124
The Incredible Hulk,112
The Consultant,4
A Funny Thing Happened On The Way To Thorâ€™s Hammer,4
Thor,115
Avengers,143
Item 47,12
Iron Man 3,130
All Hail The King,14
Agents of S.H.I.E.L.D. S01E01: Pilot,44
Agents of S.H.I.E.L.D. S01E02: 0-8-4,39
Agents of S.H.I.E.L.D. S01E03: The Asset,45
Agents of S.H.I.E.L.D. S01E04: Eye Spy,45
Agents of S.H.I.E.L.D. S01E05: Girl In The Flower Dress,45
Agents of S.H.I.E.L.D. S01E06: F.Z.Z.T.,45
Agents of S.H.I.E.L.D. S01E07: The Hub,45
Thor: The Dark World,112
Agents of S.H.I.E.L.D. S01E08: The Well,40
Agents of S.H.I.E.L.D. S01E09: Repairs,41
Agents of S.H.I.E.L.D. S01E10: The Bridge,42
Agents of S.H.I.E.L.D. S01E11: The Magical Place,40
Agents of S.H.I.E.L.D. S01E12: Seeds,45
Agents of S.H.I.E.L.D. S01E13: T.R.A.C.K.S.,42
Agents of S.H.I.E.L.D. S01E14: T.A.H.I.T.I,45
Agents of S.H.I.E.L.D. S01E15: Yes Men,45
Agents of S.H.I.E.L.D. S01E16: End Of The Beginning,45
Captain America: The Winter Soldier,136
Agents of S.H.I.E.L.D. S01E17: Turn, Turn, Turn,44
Agents of S.H.I.E.L.D. S01E18: Providence,45
Agents of S.H.I.E.L.D. S01E19: The Only Light In The Darkness,41
Agents of S.H.I.E.L.D. S01E20: Nothing personal,41
Agents of S.H.I.E.L.D. S01E21: Ragtag,42
Agents of S.H.I.E.L.D. S01E22: Beginning Of The End,44
Agents of S.H.I.E.L.D. S02E01: Shadows,43
Agents of S.H.I.E.L.D. S02E02: Heavy Is The Head,42
Agents of S.H.I.E.L.D. S02E03: Making Friends And Influencing People,43
Agents of S.H.I.E.L.D. S02E04: Face My Enemy,42
Agents of S.H.I.E.L.D. S02E05: A Hen In The Wolf House,44
Guardians Of The Galaxy,121
Daredevil S01E01: Into the Ring,53
Daredevil S01E02: Cut Man,53
Daredevil S01E03: Rabbit in a Snowstorm,52
Daredevil S01E04: In the Blood,52
Daredevil S01E05: World on Fire,56
Daredevil S01E06: Condemned,48
Daredevil S01E07: Stick,50
Daredevil S01E08: Shadows in the Glass,53
Agents of S.H.I.E.L.D. S02E06: A Fractured House,41
Agents of S.H.I.E.L.D. S02E07: The Writing On The Wall,42
Agents of S.H.I.E.L.D. S02E08: The Things We Bury,44
Daredevil S01E09: Speak of the Devil,58
Daredevil S01E10: Nelson v. Murdock,57
Daredevil S01E11: The Path of the Righteous,59
Daredevil S01E12: The Ones We Leave Behind,60
Daredevil S01E13: Daredevil,56
Agents of S.H.I.E.L.D. S02E09: ... Ye Who Enter Here,43
Agents of S.H.I.E.L.D. S02E10: What They Become,43
Agents of S.H.I.E.L.D. S02E11: Aftershocks,43
Agents of S.H.I.E.L.D. S02E12: Who You Really Are,42
Guardians of the Galaxy Vol. 2,136
Jessica Jones S01E01: AKA Ladies Night,52
Jessica Jones S01E02: AKA Crush Syndrome,52
Jessica Jones S01E03: AKA It's Called Whiskey,54
Jessica Jones S01E04: AKA 99 Friends,49
Jessica Jones S01E05: AKA The Sandwich Saved Me,50
Agents of S.H.I.E.L.D. S02E13: One of Us,43
Agents of S.H.I.E.L.D. S02E14: Love in the Time of Hydra,44
Agents of S.H.I.E.L.D. S02E15: One Door Closes,42
Agents of S.H.I.E.L.D. S02E16: Afterlife,44
Jessica Jones S01E06: AKA You're a Winner,54
Jessica Jones S01E07: AKA Top Shelf Perverts,55
Jessica Jones S01E08: AKA WWJD?,50
Jessica Jones S01E09: AKA Sin Bin,55
Jessica Jones S01E10: AKA 1,000 Cuts,46
Jessica Jones S01E11: AKA I've Got the Blues,50
Jessica Jones S01E12: AKA Take A Bloody Number,54
Jessica Jones S01E13: AKA Smile,52
Agents of S.H.I.E.L.D. S02E17: Melinda,42
Agents of S.H.I.E.L.D. S02E18: The Frenemy of My Enemy,43
Agents of S.H.I.E.L.D. S02E19: The Dirty Half Dozen,42
Avengers: Age Of Ultron,141
Agents of S.H.I.E.L.D. S02E20: Scars,44
Agents of S.H.I.E.L.D. S02E21: S.O.S. Part 1,33
Agents of S.H.I.E.L.D. S02E22: S.O.S. Part 2,33
WHIH Newsfront: Top Stories,1
WHIH Exclusive: 2012 VistaCorp break-in security footage,2
WIRED Insider Interviews Darren Cross, CEO of Pym Technologies,3
WHIH Exclusive: Scott Lang Interview,4
Ant-Man,117
Daredevil S02E01: Bang,48
Daredevil S02E02: Dogs To A Gunfight,50
Daredevil S02E03: New York's Finest,48
Daredevil S02E04: Penny and Dime,60
Daredevil S02E05: Kinbaku,55
Daredevil S02E06: Regrets Only,55
Agents of S.H.I.E.L.D. S03E01: Laws Of Nature,44
Agents of S.H.I.E.L.D. S03E02: Purpose In The Machine,43
Agents of S.H.I.E.L.D. S03E03: A Wanted (Inhu)man,42
Agents of S.H.I.E.L.D. S03E04: Devils You Know,43
Agents of S.H.I.E.L.D. S03E05: 4,772 Hours,43
Agents of S.H.I.E.L.D. S03E06: Among Us Hide,42
Agents of S.H.I.E.L.D. S03E07: Chaos Theory,43
Agents of S.H.I.E.L.D. S03E08: Many Heads, One Tale,43
Agents of S.H.I.E.L.D. S03E09: Closure,43
Agents of S.H.I.E.L.D. S03E10: Maveth,42
Daredevil S02E07: Semper Fidelis,56
Daredevil S02E08: Guilty as Sin,54
Daredevil S02E09: Seven Minutes in Heaven,59
Daredevil S02E10: The Man in The Box,52
Daredevil S02E11: .380,55
Daredevil S02E12: The Dark at the End of the Tunnel,52
Daredevil S02E13: A Cold Day in Hell's Kitchen,57
Luke Cage S01E01: Moment of Truth,54
Luke Cage S01E02: Code of the Streets,59
Luke Cage S01E03: Who's Gonna Take the Weight?,56
Luke Cage S01E04: Step in the Arena,52
Luke Cage S01E05: Just To Get a Rep,51
Luke Cage S01E06: Suckas Need Bodyguards,53
Luke Cage S01E07: Manifest,51
Luke Cage S01E08: Blowin' Up the Spot,48
Luke Cage S01E09: DWYCK,65
Luke Cage S01E10: Take It Personal,47
Luke Cage S01E11: Now You're Mine,51
Luke Cage S01E12: Soliloquy of Chaos,62
Luke Cage S01E13: You Know My Steez,45
Agents of S.H.I.E.L.D. S03E11: Bouncing Back,43
Agents of S.H.I.E.L.D. S03E12: The Inside Man,43
Agents of S.H.I.E.L.D. S03E13: Parting Shot,42
Agents of S.H.I.E.L.D. S03E14: Watchdogs,41
Agents of S.H.I.E.L.D. S03E15: Spacetime,42
Agents of S.H.I.E.L.D. S03E16: Paradise Lost,42
Agents of S.H.I.E.L.D. S03E17: The Team,42
Agents of S.H.I.E.L.D. S03E18: The Singularity,42
WHIH Special Report: Avengers Impact,2
WHIH Newsfront: The Cost of Saving the World,2
WHIH Newsfront: The Avengers and The White House,3
WHIH Exclusive: President Ellis Discusses the Avengers,3
WHIH Breaking News: Attack in Lagos,3
Agents of S.H.I.E.L.D. S03E19: Failed Experiments,41
Captain America: Civil War,147
Agents of S.H.I.E.L.D. S03E20: Emancipation,42
Agents of S.H.I.E.L.D. S03E21: Absolution,42
Agents of S.H.I.E.L.D. S03E22: Ascension,42
Agents of S.H.I.E.L.D. Slingshot E01: Vendetta,5
Agents of S.H.I.E.L.D. Slingshot E02: John Hancock,4
Agents of S.H.I.E.L.D. Slingshot E03: Progress,6
Agents of S.H.I.E.L.D. Slingshot E04: Reunion,5
Agents of S.H.I.E.L.D. Slingshot E05: Deal Breaker,4
Agents of S.H.I.E.L.D. Slingshot E06: Justicia,4
Agents of S.H.I.E.L.D. S04E01: The Ghost,42
Agents of S.H.I.E.L.D. S04E02: Meet the New Boss,42
Agents of S.H.I.E.L.D. S04E03: Uprising,42
Agents of S.H.I.E.L.D. S04E04: Let Me Stand Next to Your Fire,42
Agents of S.H.I.E.L.D. S04E05: Lockup,42
Agents of S.H.I.E.L.D. S04E06: The Good Samaritan,41
Agents of S.H.I.E.L.D. S04E07: Deals With Our Devils,42
Agents of S.H.I.E.L.D. S04E08: The Laws of Inferno Dynamics,42
Agents of S.H.I.E.L.D. S04E09: Broken Promises,42
Agents of S.H.I.E.L.D. S04E10: The Patriot,42
Agents of S.H.I.E.L.D. S04E11: Wake Up,43
Agents of S.H.I.E.L.D. S04E12: Hot Potato Soup,42
Agents of S.H.I.E.L.D. S04E13: BOOM,42
Agents of S.H.I.E.L.D. S04E14: The Man Behind the Shield,42
Agents of S.H.I.E.L.D. S04E15: Self Control,43
Iron Fist S01E01: Snow Gives Way,56
Iron Fist S01E02: Shadow Hawk Takes Flight,61
Iron Fist S01E03: Rolling Thunder Cannon Punch,59
Iron Fist S01E04: Eight Diagram Dragon Palm,53
Iron Fist S01E05: Under Leaf Pluck Lotus,56
Iron Fist S01E06: Immortal Emerges from Cave,53
Iron Fist S01E07: Felling Tree with Roots,58
Iron Fist S01E08: The Blessing of Many Fractures,54
Iron Fist S01E09: The Mistress of All Agonies,54
Iron Fist S01E10: Black Tiger Steals Heart,56
Iron Fist S01E11: Lead Horse Back to Stable,52
Iron Fist S01E12: Bar the Big Boss,49
Iron Fist S01E13: Dragon Plays with Fire,53
Agents of S.H.I.E.L.D. S04E16: What If ...,42
Agents of S.H.I.E.L.D. S04E17: Identity and Change,42
Agents of S.H.I.E.L.D. S04E18: No Regrets,42
Agents of S.H.I.E.L.D. S04E19: All the Madame's Men,42
Agents of S.H.I.E.L.D. S04E20: Farewell, Cruel World!,41
Agents of S.H.I.E.L.D. S04E21: The Return,42
Agents of S.H.I.E.L.D. S04E22: World's End,42
Doctor Strange,115
Spider-Man: Homecoming,133
The Defenders S01E01: The H Word,52
The Defenders S01E02: Mean Right Hook,45
The Defenders S01E03: Worst Behavior,55
The Defenders S01E04: Royal Dragon,45
The Defenders S01E05: Take Shelter,51
The Defenders S01E06: Ashes, Ashes,51
The Defenders S01E07: Fish in the Jailhouse,46
The Defenders S01E08: The Defenders,57
Inhumans S01E01: Behold... The Inhumans,41
Inhumans S01E02: Those Who Would Destroy Us,41
Inhumans S01E03: Divide and Conquer,41
Inhumans S01E04: Make Way for... Medusa,40
Inhumans S01E05: Something Inhuman This Way Comes...,42
Inhumans S01E06: The Gentleman's Name is Gorgon,41
Thor: Ragnarok,130
Inhumans S01E07: Havoc in the Hidden Land,42
Inhumans S01E08: ...And Finally: Black Bolt,42
The Punisher S01E01: 3 AM,51
The Punisher S01E02: Two Dead Men,57
The Punisher S01E03: Kandahar,58
The Punisher S01E04: Resupply,49
The Punisher S01E05: Gunner,55
The Punisher S01E06: The Judas Goat,55
The Punisher S01E07: Crosshairs,49
The Punisher S01E08: Cold Steel,53
The Punisher S01E09: Front Towards Enemy,54
The Punisher S01E10: Virtue of the Vicious,49
The Punisher S01E11: Danger Close,52
The Punisher S01E12: Home,51
The Punisher S01E13: Memento Mori,55
Runaways S01E01: Reunion,53
Runaways S01E02: Rewind,49
Runaways S01E03: Destiny,46
Runaways S01E04: Fifteen,52
Agents of S.H.I.E.L.D. S05E01: Orientation, Part 1,42
Agents of S.H.I.E.L.D. S05E02: Orientation, Part 2,42
Runaways S01E05: Kingdom,47
Agents of S.H.I.E.L.D. S05E03: A Life Spent,42
Runaways S01E06: Metamorphosis,50
Agents of S.H.I.E.L.D. S05E04: A Life Earned,42
Runaways S01E07: Refraction,54
Agents of S.H.I.E.L.D. S05E05: Rewind,42
Runaways S01E08: Tsunami,50
Agents of S.H.I.E.L.D. S05E06: Fun & Games,
Runaways S01E09: Doomsday,
Agents of S.H.I.E.L.D. S05E07: Together or Not at All,
Runaways S01E10: Hostile,
Agents of S.H.I.E.L.D. S05E08: The Last Day,